NAME;VALUE
Time series;58446
Empty label;56644
Empty label ratio;0.9691681210005817
Mix label;1802
Mix label ratio;0.030831878999418267
